dataset,method,classifier_accuracy,autoencoder_loss,best_lr,proximity,validity,margin_mean,margin_std
Yoga,vanilla: 1dCNN classifier + 1dCNN autoencoder,0.9109,1.47E-05,0.001,0.1759,0.4347,-0.0383,0.2197
Yoga,vanilla: LSTM classifier + LSTM autoencoder,0.8321,3.10E-02,0.0001,3.6347,1.0000,0.3115,0.0721
Yoga,modified: 1dCNN composite classifier + autoencoder,0.9085,2.38E-05,0.001,0.7221,0.9912,-0.0003,0.0279
Yoga,modified: 1dCNN classifier + 1dCNN autoencoder,0.9109,1.47E-05,0.0001,0.2049,0.9973,0.0005,0.0003
Yoga,modified: LSTM classifier + LSTM autoencoder,0.8321,3.10E-02,0.0001,3.6447,1.0000,0.1810,0.0679
Yoga,vanilla: 1dCNN classifier + no autoencoder,0.9109,,0.001,0.0277,0.4507,-0.0531,0.1858
Yoga,shapelet forest,0.8501,,,0.5281,1.0000,0.0199,0.0174
Yoga,knn counterfactual,0.9211,,,1.0950,1.0000,0.4096,0.1437
,,,,,,,,
TwoLeadECG,vanilla: 1dCNN classifier + 1dCNN autoencoder,1.0000,1.04E-04,0.001,0.1659,0.3966,-0.0347,0.1993
TwoLeadECG,vanilla: LSTM classifier + LSTM autoencoder,1.0000,3.32E-03,0.0001,0.5681,1.0000,0.4941,0.0461
TwoLeadECG,modified: 1dCNN composite classifier + autoencoder,0.9615,2.08E-04,0.001,0.1839,0.9835,0.0006,0.0011
TwoLeadECG,modified: 1dCNN classifier + 1dCNN autoencoder,1.0000,1.04E-04,0.0001,0.1447,0.9914,0.0005,0.0004
TwoLeadECG,modified: LSTM classifier + LSTM autoencoder,1.0000,3.32E-03,0.0001,1.4290,0.9052,0.0002,0.0022
TwoLeadECG,vanilla: 1dCNN classifier + no autoencoder,1.0000,,0.0001,0.0270,0.0000,-0.1854,0.2042
TwoLeadECG,shapelet forest,0.9872,,,0.1793,1.0000,0.1936,0.1321
TwoLeadECG,knn counterfactual,0.9914,,,0.2655,1.0000,0.4914,0.0406
,,,,,,,,
ItalyPowerDemand,vanilla: 1dCNN classifier + 1dCNN autoencoder,0.9636,6.30E-04,0.0001,0.1609,0.0000,-0.3020,0.1804
ItalyPowerDemand,vanilla: LSTM classifier + LSTM autoencoder,0.9636,4.04E-03,0.0001,0.3373,0.2456,-0.0854,0.1648
ItalyPowerDemand,modified: 1dCNN composite classifier + autoencoder,0.9500,1.37E-03,0.001,0.2588,0.9912,0.0006,0.0006
ItalyPowerDemand,modified: 1dCNN classifier + 1dCNN autoencoder,0.9636,6.30E-04,0.001,0.4785,1.0000,0.0005,0.0003
ItalyPowerDemand,modified: LSTM classifier + LSTM autoencoder,0.9636,4.04E-03,0.001,0.3986,1.0000,0.0005,0.0003
ItalyPowerDemand,vanilla: 1dCNN classifier + no autoencoder,0.9636,,0.0001,0.0066,0.0000,-0.4144,0.1094
ItalyPowerDemand,shapelet forest,0.9545,,,0.2513,1.0000,0.2077,0.1487
ItalyPowerDemand,knn counterfactual,0.9545,,,0.3633,1.0000,0.5000,0.0000
,,,,,,,,
MoteStrain,vanilla: 1dCNN classifier + 1dCNN autoencoder,0.9333,5.51E-04,0.001,0.2652,0.2017,-0.0343,0.1238
MoteStrain,vanilla: LSTM classifier + LSTM autoencoder,0.9030,2.58E-03,0.0001,0.4798,0.0455,-0.0261,0.0131
MoteStrain,modified: 1dCNN composite classifier + autoencoder,0.9381,6.87E-04,0.001,0.3884,0.9918,0.0004,0.0005
MoteStrain,modified: 1dCNN classifier + 1dCNN autoencoder,0.9333,5.51E-04,0.0001,0.3167,1.0000,0.0005,0.0003
MoteStrain,modified: LSTM classifier + LSTM autoencoder,0.9030,2.58E-03,0.0001,0.4798,1.0000,0.0005,0.0003
MoteStrain,vanilla: 1dCNN classifier + no autoencoder,0.9333,,0.0001,0.0094,0.0000,-0.3766,0.1675
MoteStrain,shapelet forest,0.9393,,,0.1503,1.0000,0.0382,0.0330
MoteStrain,knn counterfactual,0.9242,,,0.4673,1.0000,0.4704,0.0923
,,,,,,,,
Wafer,vanilla: 1dCNN classifier + 1dCNN autoencoder,0.9996,1.86E-05,0.001,0.1062,0.2353,-0.2831,0.2499
Wafer,vanilla: LSTM classifier + LSTM autoencoder,0.9969,8.73E-04,0.001,0.3642,0.1875,-0.3181,0.3473
Wafer,modified: 1dCNN composite classifier + autoencoder,0.9992,9.41E-05,0.001,0.2325,0.8117,-0.0486,0.1489
Wafer,modified: 1dCNN classifier + 1dCNN autoencoder,0.9996,1.86E-05,0.0001,0.2157,1.0000,0.0005,0.0003
Wafer,modified: LSTM classifier + LSTM autoencoder,0.9969,8.73E-04,0.0001,0.4416,0.8625,0.0034,0.0677
Wafer,vanilla: 1dCNN classifier + no autoencoder,0.9996,,0.001,0.0069,0.0588,-0.4545,0.1467
Wafer,shapelet forest,0.9953,,,0.2547,1.0000,0.0334,0.0353
Wafer,knn counterfactual,0.9988,,,0.5790,1.0000,0.5000,0.0000
,,,,,,,,
FreezerRegularTrain,vanilla: 1dCNN classifier + 1dCNN autoencoder,1.0000,9.73E-06,0.001,0.1812,0.5633,0.0614,0.2215
FreezerRegularTrain,vanilla: LSTM classifier + LSTM autoencoder,0.9583,1.28E-03,0.0001,0.6700,1.0000,0.4999,0.0000
FreezerRegularTrain,modified: 1dCNN composite classifier + autoencoder,0.9983,1.07E-05,0.0001,0.1158,0.9666,-0.0028,0.0408
FreezerRegularTrain,modified: 1dCNN classifier + 1dCNN autoencoder,1.0000,9.73E-06,0.0001,0.2211,1.0000,0.0005,0.0003
FreezerRegularTrain,modified: LSTM classifier + LSTM autoencoder,0.9583,1.28E-03,0.0001,1.0497,1.0000,0.4995,0.0000
FreezerRegularTrain,vanilla: 1dCNN classifier + no autoencoder,1.0000,,0.001,0.0409,0.4967,0.0016,0.2085
FreezerRegularTrain,shapelet forest,0.9517,,,0.0569,1.0000,0.1278,0.1123
FreezerRegularTrain,knn counterfactual,0.9100,,,0.0808,1.0000,0.3916,0.1424
,,,,,,,,
PhalangesOutlinesCorrect,vanilla: 1dCNN classifier + 1dCNN autoencoder,0.8384,7.38E-05,0.001,0.1060,0.3833,-0.0004,0.0020
PhalangesOutlinesCorrect,vanilla: LSTM classifier + LSTM autoencoder,0.8100,2.38E-03,0.001,0.5168,0.7048,-0.0002,0.0105
PhalangesOutlinesCorrect,modified: 1dCNN composite classifier + autoencoder,0.5636,2.28E-04,0.001,0.2109,1.0000,0.0005,0.0003
PhalangesOutlinesCorrect,modified: 1dCNN classifier + 1dCNN autoencoder,0.8384,7.38E-05,0.0001,0.1449,1.0000,0.0005,0.0003
PhalangesOutlinesCorrect,modified: LSTM classifier + LSTM autoencoder,0.8100,2.38E-03,0.0001,0.4592,1.0000,0.0005,0.0006
PhalangesOutlinesCorrect,vanilla: 1dCNN classifier + no autoencoder,0.8384,,0.001,0.0190,0.2333,-0.0044,0.0381
PhalangesOutlinesCorrect,shapelet forest,0.7468,,,0.2238,1.0000,0.0573,0.0486
PhalangesOutlinesCorrect,knn counterfactual,0.7764,,,0.2272,0.8629,0.2783,0.2552
,,,,,,,,
FreezerSmallTrain,vanilla: 1dCNN classifier + 1dCNN autoencoder,0.9983,1.31E-05,0.001,0.1978,0.6794,0.1878,0.4216
FreezerSmallTrain,vanilla: LSTM classifier + LSTM autoencoder,0.9861,1.11E-03,0.0001,0.5990,1.0000,0.4766,0.0001
FreezerSmallTrain,modified: 1dCNN composite classifier + autoencoder,0.9965,1.55E-05,0.0001,0.1929,0.9790,-0.0081,0.0656
FreezerSmallTrain,modified: 1dCNN classifier + 1dCNN autoencoder,0.9983,1.31E-05,0.001,1.9710,0.9791,0.4774,0.1458
FreezerSmallTrain,modified: LSTM classifier + LSTM autoencoder,0.9861,1.11E-03,0.0001,0.6919,1.0000,0.4636,0.0001
FreezerSmallTrain,vanilla: 1dCNN classifier + no autoencoder,0.9983,,0.001,0.0319,0.5122,0.0156,0.4947
FreezerSmallTrain,shapelet forest,0.9705,,,0.0598,1.0000,0.1605,0.1198
FreezerSmallTrain,knn counterfactual,0.9219,,,0.0887,1.0000,0.3683,0.1733
,,,,,,,,
HandOutlines,vanilla: 1dCNN classifier + 1dCNN autoencoder,0.8733,4.21E-06,0.001,0.2575,0.2727,-0.2385,0.2497
HandOutlines,vanilla: LSTM classifier + LSTM autoencoder,0.6477,2.33E-02,0.0001,7.9567,0.0000,-0.5000,0.0000
HandOutlines,modified: 1dCNN composite classifier + autoencoder,0.8812,5.38E-05,0.001,3.9276,1.0000,0.0005,0.0003
HandOutlines,modified: 1dCNN classifier + 1dCNN autoencoder,0.8733,4.21E-06,0.0001,0.4359,0.9091,-0.0220,0.1670
HandOutlines,modified: LSTM classifier + LSTM autoencoder,0.6477,2.33E-02,0.001,23.9995,0.9661,0.0061,0.0670
HandOutlines,vanilla: 1dCNN classifier + no autoencoder,0.8733,,0.0001,0.0087,0.0000,-0.3531,0.2115
HandOutlines,shapelet forest,0.8603,,,1.1485,1.0000,0.0379,0.0358
HandOutlines,knn counterfactual,0.8070,,,1.9754,0.9359,0.4051,0.2166
,,,,,,,,
FordA,vanilla: 1dCNN classifier + 1dCNN autoencoder,0.7611,1.23E-05,0.0001,0.2463,0.0055,-0.1302,0.1988
FordA,vanilla: LSTM classifier + LSTM autoencoder,0.5314,1.07E-02,0.0001,2.3087,0.0000,-0.0568,0.0008
FordA,modified: 1dCNN composite classifier + autoencoder,0.8835,6.39E-05,0.001,0.4368,0.9838,0.0002,0.0050
FordA,modified: 1dCNN classifier + 1dCNN autoencoder,0.7611,1.23E-05,0.0001,0.5670,1.0000,0.0005,0.0003
FordA,modified: LSTM classifier + LSTM autoencoder,0.5314,1.07E-02,0.0001,2.3575,0.0000,-0.0382,0.0009
FordA,vanilla: 1dCNN classifier + no autoencoder,0.7611,,0.0001,0.0159,0.0000,-0.1816,0.2100
FordA,shapelet forest,0.8831,,,0.4820,1.0000,0.0196,0.0193
FordA,knn counterfactual,0.6661,,,2.0811,0.8903,0.2363,0.1852
,,,,,,,,
FordB,vanilla: 1dCNN classifier + 1dCNN autoencoder,0.8015,8.79E-06,0.0001,0.2176,0.0027,-0.2152,0.2229
FordB,vanilla: LSTM classifier + LSTM autoencoder,0.6582,9.76E-03,0.0001,2.2092,1.0000,0.2182,0.0003
FordB,modified: 1dCNN composite classifier + autoencoder,0.8162,9.94E-05,0.001,0.4261,1.0000,0.0005,0.0003
FordB,modified: 1dCNN classifier + 1dCNN autoencoder,0.8015,8.79E-06,0.0001,0.6099,1.0000,0.0005,0.0003
FordB,modified: LSTM classifier + LSTM autoencoder,0.6582,9.76E-03,0.0001,2.2574,1.0000,0.1443,0.0133
FordB,vanilla: 1dCNN classifier + no autoencoder,0.8015,,0.0001,0.0124,0.0000,-0.2709,0.2203
FordB,shapelet forest,0.8521,,,0.3934,1.0000,0.0198,0.0197
FordB,knn counterfactual,0.6310,,,2.1105,0.9324,0.2551,0.1780
,,,,,,,,
SonyAIBORobotSurface2,vanilla: 1dCNN classifier + 1dCNN autoencoder,0.9593,0.0007,0.001,0.2293,0.0168,-0.1871,0.2386
SonyAIBORobotSurface2,vanilla: LSTM classifier + LSTM autoencoder,0.9625,0.0138,0.0001,0.9466,1.0000,0.5000,0.0000
SonyAIBORobotSurface2,modified: 1dCNN composite classifier + autoencoder,0.8812,0.0010,0.001,0.3263,0.9917,0.0005,0.0005
SonyAIBORobotSurface2,modified: 1dCNN classifier + 1dCNN autoencoder,0.9593,0.0007,0.0001,0.3234,0.9916,0.0005,0.0006
SonyAIBORobotSurface2,modified: LSTM classifier + LSTM autoencoder,0.9625,0.0138,0.0001,0.9515,0.8560,0.0056,0.0477
SonyAIBORobotSurface2,vanilla: 1dCNN classifier + no autoencoder,0.9593,,0.0001,0.0054,0.0000,-0.4431,0.1313
SonyAIBORobotSurface2,shapelet forest,0.9329,,,0.2862,1.0000,0.0311,0.0323
SonyAIBORobotSurface2,knn counterfactual,0.9460,,,0.6357,1.0000,0.3413,0.1088
,,,,,,,,
SemgHandGenderCh2,vanilla: 1dCNN classifier + 1dCNN autoencoder,0.9653,2.79E-05,0.001,0.2676,0.5970,0.0863,0.3682
SemgHandGenderCh2,vanilla: LSTM classifier + LSTM autoencoder,0.5833,4.33E-04,0.0001,0.8786,1.0000,0.1908,0.0000
SemgHandGenderCh2,modified: 1dCNN composite classifier + autoencoder,0.9236,2.88E-05,0.001,0.2637,0.8310,-0.0416,0.2336
SemgHandGenderCh2,modified: 1dCNN classifier + 1dCNN autoencoder,0.9653,2.79E-05,0.0001,0.4159,0.8358,0.2016,0.3771
SemgHandGenderCh2,modified: LSTM classifier + LSTM autoencoder,0.5833,4.33E-04,0.0001,0.8741,1.0000,0.1822,0.0021
SemgHandGenderCh2,vanilla: 1dCNN classifier + no autoencoder,0.9653,,0.001,0.0351,0.6567,0.1640,0.4682
SemgHandGenderCh2,shapelet forest,0.9120,,0,0.1006,1.0000,0.0238,0.0235
SemgHandGenderCh2,knn counterfactual,0.9306,,,0.2999,0.6528,0.1556,0.3670
,,,,,,,,
MiddlePhalanxOutlineCorrect,vanilla: 1dCNN classifier + 1dCNN autoencoder,0.6155,0.0002,0.0001,0.1496,0.1111,-0.0084,0.0100
MiddlePhalanxOutlineCorrect,vanilla: LSTM classifier + LSTM autoencoder,0.7825,0.0055,0.0001,0.6786,1.0000,0.0030,0.0002
MiddlePhalanxOutlineCorrect,modified: 1dCNN composite classifier + autoencoder,0.5221,0.0015,0.0001,0.3936,1.0000,0.0001,0.0000
MiddlePhalanxOutlineCorrect,modified: 1dCNN classifier + 1dCNN autoencoder,0.6155,0.0002,0.0001,0.1749,1.0000,0.0005,0.0003
MiddlePhalanxOutlineCorrect,modified: LSTM classifier + LSTM autoencoder,0.7825,0.0055,0.0001,0.6519,1.0000,0.0005,0.0003
MiddlePhalanxOutlineCorrect,vanilla: 1dCNN classifier + no autoencoder,0.6155,,0.0001,0.0000,0.0000,-0.0088,0.0098
MiddlePhalanxOutlineCorrect,shapelet forest,0.7744,,,0.2568,1.0000,0.1015,0.0723
MiddlePhalanxOutlineCorrect,knn counterfactual,0.7209,,,0.2646,0.8431,0.2255,0.2743
,,,,,,,,
ProximalPhalanxOutlineCorrect,vanilla: 1dCNN classifier + 1dCNN autoencoder,0.7442,0.0001,0.0001,0.1359,0.0000,-0.2328,0.1027
ProximalPhalanxOutlineCorrect,vanilla: LSTM classifier + LSTM autoencoder,0.8164,0.0046,0.001,0.5314,0.1282,-0.0026,0.0043
ProximalPhalanxOutlineCorrect,modified: 1dCNN composite classifier + autoencoder,0.5962,0.0004,0.001,0.2933,1.0000,0.0005,0.0003
ProximalPhalanxOutlineCorrect,modified: 1dCNN classifier + 1dCNN autoencoder,0.7442,0.0001,0.0001,0.2633,1.0000,0.0005,0.0003
ProximalPhalanxOutlineCorrect,modified: LSTM classifier + LSTM autoencoder,0.8164,0.0046,0.0001,0.5222,1.0000,0.0004,0.0003
ProximalPhalanxOutlineCorrect,vanilla: 1dCNN classifier + no autoencoder,0.7442,,0.0001,0.0145,0.0000,-0.0963,0.1085
ProximalPhalanxOutlineCorrect,shapelet forest,0.7829,,,0.2539,1.0000,0.1905,0.0998
ProximalPhalanxOutlineCorrect,knn counterfactual,0.7683,,,0.1577,0.6842,0.2088,0.4019
,,,,,,,,
ECGFiveDays,vanilla: 1dCNN classifier + 1dCNN autoencoder,1.0000,6.87E-05,0.001,0.1538,0.5114,0.0018,0.4294
ECGFiveDays,vanilla: LSTM classifier + LSTM autoencoder,1.0000,5.81E-03,0.0001,0.8912,1.0000,0.4985,0.0002
ECGFiveDays,modified: 1dCNN composite classifier + autoencoder,1.0000,3.48E-04,0.001,0.2829,0.9773,0.0004,0.0011
ECGFiveDays,modified: 1dCNN classifier + 1dCNN autoencoder,1.0000,6.87E-05,0.0001,0.1654,0.9773,0.0005,0.0007
ECGFiveDays,modified: LSTM classifier + LSTM autoencoder,1.0000,5.81E-03,0.001,0.9480,0.8864,0.0003,0.0009
ECGFiveDays,vanilla: 1dCNN classifier + no autoencoder,1.0000,,0.0001,0.0057,0.0000,-0.4627,0.1089
ECGFiveDays,shapelet forest,1.0000,,,0.1083,1.0000,0.0786,0.0547
ECGFiveDays,knn counterfactual,0.9831,,,0.3459,1.0000,0.4934,0.0357
,,,,,,,,
DistalPhalanxOutlineCorrect,vanilla: 1dCNN classifier + 1dCNN autoencoder,0.8102,0.0001,0.0001,0.1450,0.0769,-0.1098,0.1390
DistalPhalanxOutlineCorrect,vanilla: LSTM classifier + LSTM autoencoder,0.7919,0.0057,0.001,0.7282,0.3036,-0.0009,0.0022
DistalPhalanxOutlineCorrect,modified: 1dCNN composite classifier + autoencoder,0.8039,0.0002,0.001,0.1850,1.0000,0.0004,0.0003
DistalPhalanxOutlineCorrect,modified: 1dCNN classifier + 1dCNN autoencoder,0.8102,0.0001,0.0001,0.2258,1.0000,0.0006,0.0003
DistalPhalanxOutlineCorrect,modified: LSTM classifier + LSTM autoencoder,0.7919,0.0057,0.0001,0.7235,1.0000,0.0005,0.0003
DistalPhalanxOutlineCorrect,vanilla: 1dCNN classifier + no autoencoder,0.8102,,0.0001,0.0133,0.0000,-0.1899,0.1524
DistalPhalanxOutlineCorrect,shapelet forest,0.8276,,,0.2724,1.0000,0.0932,0.0877
DistalPhalanxOutlineCorrect,knn counterfactual,0.7339,,,0.3674,1.0000,0.3151,0.1975
,,,,,,,,
SonyAIBORobotSurface1,vanilla: 1dCNN classifier + 1dCNN autoencoder,1.0000,0.0007,0.0001,0.1882,0.0182,-0.2647,0.1995
SonyAIBORobotSurface1,vanilla: LSTM classifier + LSTM autoencoder,1.0000,0.0057,0.0001,0.4951,1.0000,0.4795,0.0008
SonyAIBORobotSurface1,modified: 1dCNN composite classifier + autoencoder,0.9838,0.0007,0.001,0.2440,0.9818,0.0004,0.0006
SonyAIBORobotSurface1,modified: 1dCNN classifier + 1dCNN autoencoder,1.0000,0.0007,0.0001,0.2719,1.0000,0.0004,0.0002
SonyAIBORobotSurface1,modified: LSTM classifier + LSTM autoencoder,1.0000,0.0057,0.001,0.5017,1.0000,0.0005,0.0003
SonyAIBORobotSurface1,vanilla: 1dCNN classifier + no autoencoder,1.0000,,0.0001,0.0078,0.0000,-0.4233,0.1198
SonyAIBORobotSurface1,shapelet forest,0.9727,,,0.2260,1.0000,0.0425,0.0386
SonyAIBORobotSurface1,knn counterfactual,0.9786,,,0.5752,1.0000,0.4690,0.0724
,,,,,,,,
Computers,vanilla: 1dCNN classifier + 1dCNN autoencoder,0.7400,0.0002,0.001,0.3538,0.4839,-0.0082,0.0730
Computers,vanilla: LSTM classifier + LSTM autoencoder,0.7200,0.0022,0.001,1.3243,0.5000,0.1415,0.2302
Computers,modified: 1dCNN composite classifier + autoencoder,0.4800,0.0003,0.0001,0.7971,1.0000,0.0001,0.0001
Computers,modified: 1dCNN classifier + 1dCNN autoencoder,0.7400,0.0002,0.0001,0.3759,1.0000,0.0005,0.0003
Computers,modified: LSTM classifier + LSTM autoencoder,0.7200,0.0022,0.001,1.3727,0.3824,0.0203,0.2185
Computers,vanilla: 1dCNN classifier + no autoencoder,0.7400,,0.001,0.0236,0.3548,-0.0772,0.1834
Computers,shapelet forest,0.8200,,,0.1774,1.0000,0.0202,0.0202
Computers,knn counterfactual,0.7900,,,0.8305,0.5593,0.0864,0.1978
,,,,,,,,
Strawberry,vanilla: 1dCNN classifier + 1dCNN autoencoder,0.9732,5.52E-05,0.001,0.2242,0.4146,-0.1076,0.2941
Strawberry,vanilla: LSTM classifier + LSTM autoencoder,0.8789,2.24E-03,0.0001,0.7843,0.0000,-0.4322,0.0125
Strawberry,modified: 1dCNN composite classifier + autoencoder,0.9367,1.05E-04,0.001,0.2947,0.9600,-0.0028,0.0456
Strawberry,modified: 1dCNN classifier + 1dCNN autoencoder,0.9732,5.52E-05,0.0001,0.2545,1.0000,0.0005,0.0003
Strawberry,modified: LSTM classifier + LSTM autoencoder,0.8789,2.24E-03,0.001,1.1272,1.0000,0.0005,0.0003
Strawberry,vanilla: 1dCNN classifier + no autoencoder,0.9732,,0.001,0.0255,0.3333,-0.1311,0.2169
Strawberry,shapelet forest,0.8963,,,0.3370,1.0000,0.1245,0.0947
Strawberry,knn counterfactual,0.9542,,,0.3734,1.0000,0.4587,0.1176
,,,,,,,,
Earthquakes,vanilla: 1dCNN classifier + 1dCNN autoencoder,0.5000,8.96E-04,0.0001,0.6974,0.0000,-0.0466,0.0031
Earthquakes,vanilla: LSTM classifier + LSTM autoencoder,0.5000,1.34E-02,0.0001,2.6225,0.0000,-0.0038,0.0000
Earthquakes,modified: 1dCNN composite classifier + autoencoder,0.4851,6.00E-03,0.001,1.8333,1.0000,0.0005,0.0003
Earthquakes,modified: 1dCNN classifier + 1dCNN autoencoder,0.5000,8.96E-04,0.001,2.9238,1.0000,0.0005,0.0003
Earthquakes,modified: LSTM classifier + LSTM autoencoder,0.5000,1.34E-02,0.0001,2.6235,0.0000,-0.0038,0.0000
Earthquakes,vanilla: 1dCNN classifier + no autoencoder,0.5000,,0.0001,0.0000,0.0000,-0.0466,0.0032
Earthquakes,shapelet forest,0.5181,,,0.6844,1.0000,0.0198,0.0188
Earthquakes,knn counterfactual,0.5146,,,3.0560,1.0000,0.2321,0.0947
,,,,,,,,
GunPointMaleVersusFemale,vanilla: 1dCNN classifier + 1dCNN autoencoder,0.9467,8.00E-05,0.0001,0.0742,0.0000,-0.2169,0.0979
GunPointMaleVersusFemale,vanilla: LSTM classifier + LSTM autoencoder,1.0000,9.17E-03,0.0001,0.7756,0.0000,-0.4896,0.0125
GunPointMaleVersusFemale,modified: 1dCNN composite classifier + autoencoder,1.0000,4.17E-05,0.001,0.2222,0.7209,-0.1273,0.2184
GunPointMaleVersusFemale,modified: 1dCNN classifier + 1dCNN autoencoder,0.9467,8.00E-05,0.0001,0.5356,1.0000,0.0005,0.0003
GunPointMaleVersusFemale,modified: LSTM classifier + LSTM autoencoder,1.0000,9.17E-03,0.001,1.9808,0.9767,0.0020,0.0293
GunPointMaleVersusFemale,vanilla: 1dCNN classifier + no autoencoder,0.9467,,0.0001,0.0021,0.0000,-0.2251,0.0967
GunPointMaleVersusFemale,shapelet forest,1.0000,,,1.0462,1.0000,0.0490,0.0399
GunPointMaleVersusFemale,knn counterfactual,1.0000,,,1.6666,1.0000,0.5000,0.0000
,,,,,,,,
GunPointOldVersusYoung,vanilla: 1dCNN classifier + 1dCNN autoencoder,1.0000,6.27E-05,0.0001,0.1426,0.0000,-0.3582,0.0929
GunPointOldVersusYoung,vanilla: LSTM classifier + LSTM autoencoder,1.0000,7.68E-03,0.0001,1.2465,0.0000,-0.4923,0.0017
GunPointOldVersusYoung,modified: 1dCNN composite classifier + autoencoder,1.0000,9.10E-05,0.001,0.4239,0.6042,-0.1869,0.2425
GunPointOldVersusYoung,modified: 1dCNN classifier + 1dCNN autoencoder,1.0000,6.27E-05,0.001,3.9233,1.0000,0.0005,0.0003
GunPointOldVersusYoung,modified: LSTM classifier + LSTM autoencoder,1.0000,7.68E-03,0.001,2.4618,0.4792,-0.1535,0.2755
GunPointOldVersusYoung,vanilla: 1dCNN classifier + no autoencoder,1.0000,,0.0001,0.0006,0.0000,-0.3592,0.0925
GunPointOldVersusYoung,shapelet forest,1.0000,,,3.5319,0.2083,-0.2792,0.1797
GunPointOldVersusYoung,knn counterfactual,1.0000,,,3.7873,1.0000,0.5000,0.0000
,,,,,,,,
Chinatown,vanilla: 1dCNN classifier + 1dCNN autoencoder,1.0000,6.10E-04,0.0001,0.1159,0.0769,-0.0437,0.0240
Chinatown,vanilla: LSTM classifier + LSTM autoencoder,1.0000,5.40E-03,0.0001,0.3505,0.0000,-0.0361,0.0100
Chinatown,modified: 1dCNN composite classifier + autoencoder,1.0000,8.15E-04,0.001,0.2881,0.9615,0.0004,0.0008
Chinatown,modified: 1dCNN classifier + 1dCNN autoencoder,1.0000,6.10E-04,0.001,0.2575,1.0000,0.0005,0.0003
Chinatown,modified: LSTM classifier + LSTM autoencoder,1.0000,5.40E-03,0.001,0.8766,1.0000,0.0004,0.0002
Chinatown,vanilla: 1dCNN classifier + no autoencoder,1.0000,,0.0001,0.0007,0.0000,-0.0684,0.0250
Chinatown,shapelet forest,0.9762,,,0.1393,1.0000,0.0504,0.0450
Chinatown,knn counterfactual,1.0000,,,0.3325,1.0000,0.3885,0.0993
,,,,,,,,
PowerCons,vanilla: 1dCNN classifier + 1dCNN autoencoder,1.0000,5.13E-04,0.0001,0.3327,0.0000,-0.4541,0.0507
PowerCons,vanilla: LSTM classifier + LSTM autoencoder,1.0000,2.22E-02,0.0001,2.0050,1.0000,0.4107,0.0004
PowerCons,modified: 1dCNN composite classifier + autoencoder,1.0000,8.26E-04,0.001,0.6132,0.7778,-0.0760,0.1928
PowerCons,modified: 1dCNN classifier + 1dCNN autoencoder,1.0000,5.13E-04,0.001,1.3867,1.0000,0.0005,0.0003
PowerCons,modified: LSTM classifier + LSTM autoencoder,1.0000,2.22E-02,0.0001,1.9435,1.0000,0.3582,0.0138
PowerCons,vanilla: 1dCNN classifier + no autoencoder,1.0000,,0.0001,0.0014,0.0000,-0.4623,0.0419
PowerCons,shapelet forest,1.0000,,,1.1229,1.0000,0.0433,0.0461
PowerCons,knn counterfactual,1.0000,,,1.9384,1.0000,0.4333,0.0943
,,,,,,,,
ToeSegmentation1,vanilla: 1dCNN classifier + 1dCNN autoencoder,0.5385,2.89E-04,0.0001,0.2955,0.0000,-0.0046,0.0019
ToeSegmentation1,vanilla: LSTM classifier + LSTM autoencoder,0.9423,1.28E-02,0.0001,1.8875,1.0000,0.4567,0.0019
ToeSegmentation1,modified: 1dCNN composite classifier + autoencoder,0.5453,2.97E-03,0.0001,0.8491,1.0000,0.0005,0.0003
ToeSegmentation1,modified: 1dCNN classifier + 1dCNN autoencoder,0.5385,2.89E-04,0.0001,0.5465,1.0000,0.0001,0.0001
ToeSegmentation1,modified: LSTM classifier + LSTM autoencoder,0.9423,1.28E-02,0.0001,1.9002,1.0000,0.3737,0.0232
ToeSegmentation1,vanilla: 1dCNN classifier + no autoencoder,0.5385,,0.0001,0.0000,0.0000,-0.0049,0.0019
ToeSegmentation1,shapelet forest,0.9629,,,0.4296,1.0000,0.0425,0.0515
ToeSegmentation1,knn counterfactual,0.7157,,,1.7090,1.0000,0.2405,0.1668
,,,,,,,,
WormsTwoClass,vanilla: 1dCNN classifier + 1dCNN autoencoder,0.5455,1.58E-04,0.0001,0.4440,0.0000,-0.1195,0.0590
WormsTwoClass,vanilla: LSTM classifier + LSTM autoencoder,0.5242,1.05E-02,0.0001,3.0765,1.0000,0.0015,0.0000
WormsTwoClass,modified: 1dCNN composite classifier + autoencoder,0.5000,1.42E-03,0.0001,1.1300,1.0000,0.0004,0.0002
WormsTwoClass,modified: 1dCNN classifier + 1dCNN autoencoder,0.5455,1.58E-04,0.0001,0.7431,1.0000,0.0005,0.0003
WormsTwoClass,modified: LSTM classifier + LSTM autoencoder,0.5242,1.05E-02,0.0001,3.0890,1.0000,0.0014,0.0000
WormsTwoClass,vanilla: 1dCNN classifier + no autoencoder,0.5455,,0.0001,0.0014,0.0000,-0.1214,0.0606
WormsTwoClass,shapelet forest,0.7394,,,0.7759,1.0000,0.0235,0.0274
WormsTwoClass,knn counterfactual,0.5455,,,2.9222,0.9583,0.1833,0.1518
,,,,,,,,
Ham,vanilla: 1dCNN classifier + 1dCNN autoencoder,0.5238,6.69E-05,0.0001,0.2207,0.0000,-0.0016,0.0007
Ham,vanilla: LSTM classifier + LSTM autoencoder,0.5844,8.94E-03,0.0001,1.9580,1.0000,0.0015,0.0001
Ham,modified: 1dCNN composite classifier + autoencoder,0.9080,3.82E-05,0.001,0.2589,1.0000,0.0005,0.0003
Ham,modified: 1dCNN classifier + 1dCNN autoencoder,0.5238,6.69E-05,0.0001,0.2859,1.0000,0.0001,0.0000
Ham,modified: LSTM classifier + LSTM autoencoder,0.5844,8.94E-03,0.0001,1.9730,1.0000,0.0011,0.0001
Ham,vanilla: 1dCNN classifier + no autoencoder,0.5238,,0.0001,0.0000,0.0000,-0.0016,0.0008
Ham,shapelet forest,0.7890,,,0.2602,1.0000,0.0309,0.0326
Ham,knn counterfactual,0.7652,,,0.7049,1.0000,0.2231,0.1576
,,,,,,,,
ECG200,vanilla: 1dCNN classifier + 1dCNN autoencoder,0.9060,8.62E-04,0.0001,0.2414,0.0000,-0.1094,0.0696
ECG200,vanilla: LSTM classifier + LSTM autoencoder,0.7707,8.57E-03,0.0001,1.0318,1.0000,0.0013,0.0000
ECG200,modified: 1dCNN composite classifier + autoencoder,0.7151,1.74E-03,0.001,0.5991,1.0000,0.0005,0.0003
ECG200,modified: 1dCNN classifier + 1dCNN autoencoder,0.9060,8.62E-04,0.001,0.6088,1.0000,0.0005,0.0002
ECG200,modified: LSTM classifier + LSTM autoencoder,0.7707,8.57E-03,0.0001,1.0482,1.0000,0.0010,0.0000
ECG200,vanilla: 1dCNN classifier + no autoencoder,0.9060,,0.0001,0.0011,0.0000,-0.1178,0.0741
ECG200,shapelet forest,0.7165,,,0.3679,1.0000,0.0512,0.0642
ECG200,knn counterfactual,0.7707,,,0.8643,1.0000,0.5000,0.0000
,,,,,,,,
ToeSegmentation2,vanilla: 1dCNN classifier + 1dCNN autoencoder,0.5000,2.24E-04,0.0001,0.3216,0.0000,-0.0125,0.0031
ToeSegmentation2,vanilla: LSTM classifier + LSTM autoencoder,0.4511,1.47E-02,0.0001,2.2519,0.0000,-0.0186,0.0029
ToeSegmentation2,modified: 1dCNN composite classifier + autoencoder,0.5000,7.46E-03,0.0001,1.6107,1.0000,0.0005,0.0003
ToeSegmentation2,modified: 1dCNN classifier + 1dCNN autoencoder,0.5000,2.24E-04,0.001,1.6003,1.0000,0.0005,0.0003
ToeSegmentation2,modified: LSTM classifier + LSTM autoencoder,0.4511,1.47E-02,0.001,2.4546,0.9167,0.0001,0.0002
ToeSegmentation2,vanilla: 1dCNN classifier + no autoencoder,0.5000,,0.0001,0.0000,0.0000,-0.0125,0.0030
ToeSegmentation2,shapelet forest,0.9244,,,0.7790,1.0000,0.0276,0.0184
ToeSegmentation2,knn counterfactual,0.9444,,,2.3505,1.0000,0.4615,0.0964
,,,,,,,,
HouseTwenty,vanilla: 1dCNN classifier + 1dCNN autoencoder,0.7500,8.33E-04,0.0001,1.4131,0.0000,-0.0042,0.0043
HouseTwenty,vanilla: LSTM classifier + LSTM autoencoder,0.5357,1.50E-02,0.0001,4.6122,1.0000,0.0182,0.0000
HouseTwenty,modified: 1dCNN composite classifier + autoencoder,0.6905,4.85E-03,0.0001,3.0829,1.0000,0.0004,0.0003
HouseTwenty,modified: 1dCNN classifier + 1dCNN autoencoder,0.7500,8.33E-04,0.0001,1.4871,1.0000,0.0001,0.0000
HouseTwenty,modified: LSTM classifier + LSTM autoencoder,0.5357,1.50E-02,0.0001,4.5926,1.0000,0.0179,0.0000
HouseTwenty,vanilla: 1dCNN classifier + no autoencoder,0.7500,,0.0001,0.0000,0.0000,-0.0048,0.0043
HouseTwenty,shapelet forest,0.9643,,,1.1286,1.0000,0.0146,0.0176
HouseTwenty,knn counterfactual,0.7817,,,5.6676,0.6667,0.0733,0.1436
,,,,,,,,
BeetleFly,vanilla: 1dCNN classifier + 1dCNN autoencoder,0.6250,6.52E-03,0.0001,1.8236,0.0000,-0.0072,0.0019
BeetleFly,vanilla: LSTM classifier + LSTM autoencoder,1.0000,4.12E-02,0.0001,4.5933,1.0000,0.0004,0.0000
BeetleFly,modified: 1dCNN composite classifier + autoencoder,0.5000,6.96E-03,0.0001,1.8836,1.0000,0.0002,0.0002
BeetleFly,modified: 1dCNN classifier + 1dCNN autoencoder,0.6250,6.52E-03,0.001,1.9436,1.0000,0.0004,0.0002
BeetleFly,modified: LSTM classifier + LSTM autoencoder,1.0000,4.12E-02,0.0001,4.5933,1.0000,0.0004,0.0000
BeetleFly,vanilla: 1dCNN classifier + no autoencoder,0.6250,,0.0001,0.0000,0.0000,-0.0064,0.0025
BeetleFly,shapelet forest,1.0000,,,1.3109,1.0000,0.0258,0.0109
BeetleFly,knn counterfactual,0.5000,,,5.6651,1.0000,0.5000,0.0000
,,,,,,,,
BirdChicken,vanilla: 1dCNN classifier + 1dCNN autoencoder,0.5000,4.36E-03,0.0001,1.4931,0.0000,-0.0073,0.0026
BirdChicken,vanilla: LSTM classifier + LSTM autoencoder,0.6250,3.62E-02,0.0001,4.3071,0.0000,-0.0004,0.0000
BirdChicken,modified: 1dCNN composite classifier + autoencoder,0.8750,4.44E-03,0.001,1.5822,1.0000,0.0004,0.0001
BirdChicken,modified: 1dCNN classifier + 1dCNN autoencoder,0.5000,4.36E-03,0.001,1.7727,1.0000,0.0003,0.0003
BirdChicken,modified: LSTM classifier + LSTM autoencoder,0.6250,3.62E-02,0.0001,4.3054,0.0000,-0.0004,0.0000
BirdChicken,vanilla: 1dCNN classifier + no autoencoder,0.5000,,0.0001,0.0000,0.0000,-0.0077,0.0037
BirdChicken,shapelet forest,0.8750,,,0.9679,1.0000,0.0637,0.0656
BirdChicken,knn counterfactual,0.7500,,,3.5551,1.0000,0.4000,0.1000
,,,,,,,,
Coffee,vanilla: 1dCNN classifier + 1dCNN autoencoder,0.7500,3.85E-03,0.0001,1.0404,0.0000,-0.0023,0.0004
Coffee,vanilla: LSTM classifier + LSTM autoencoder,0.8333,5.55E-02,0.0001,3.9863,1.0000,0.0335,0.0000
Coffee,modified: 1dCNN composite classifier + autoencoder,0.5000,1.08E-02,0.0001,1.7618,1.0000,0.0003,0.0002
Coffee,modified: 1dCNN classifier + 1dCNN autoencoder,0.7500,3.85E-03,0.0001,1.0413,1.0000,0.0000,0.0000
Coffee,modified: LSTM classifier + LSTM autoencoder,0.8333,5.55E-02,0.0001,3.9850,1.0000,0.0326,0.0003
Coffee,vanilla: 1dCNN classifier + no autoencoder,0.7500,,0.0001,0.0000,0.0000,-0.0009,0.0006
Coffee,shapelet forest,0.9167,,,0.2732,1.0000,0.2143,0.1171
Coffee,knn counterfactual,0.9167,,,0.4976,1.0000,0.5000,0.0000
,,,,,,,,
GunPoint,vanilla: 1dCNN classifier + 1dCNN autoencoder,0.8750,1.26E-04,0.0001,0.1789,0.0000,-0.1678,0.0780
GunPoint,vanilla: LSTM classifier + LSTM autoencoder,0.8750,1.11E-02,0.0001,1.6675,1.0000,0.2307,0.0012
GunPoint,modified: 1dCNN composite classifier + autoencoder,0.8000,1.54E-04,0.001,0.4463,1.0000,0.0007,0.0011
GunPoint,modified: 1dCNN classifier + 1dCNN autoencoder,0.8750,1.26E-04,0.001,1.2137,1.0000,0.0005,0.0003
GunPoint,modified: LSTM classifier + LSTM autoencoder,0.8750,1.11E-02,0.0001,1.7905,1.0000,0.2186,0.0062
GunPoint,vanilla: 1dCNN classifier + no autoencoder,0.8750,,0.0001,0.0008,0.0000,-0.1720,0.0734
GunPoint,shapelet forest,0.9750,,,0.5784,1.0000,0.0477,0.0422
GunPoint,knn counterfactual,0.9250,,,1.1368,1.0000,0.4765,0.0644
,,,,,,,,
GunPointAgeSpan,vanilla: 1dCNN classifier + 1dCNN autoencoder,0.8785,6.63E-05,0.0001,0.1100,0.0000,-0.1318,0.1211
GunPointAgeSpan,vanilla: LSTM classifier + LSTM autoencoder,0.9674,7.77E-03,0.0001,0.9665,0.0000,-0.4721,0.0242
GunPointAgeSpan,modified: 1dCNN composite classifier + autoencoder,0.9341,6.15E-05,0.001,0.3266,0.9556,-0.0001,0.0030
GunPointAgeSpan,modified: 1dCNN classifier + 1dCNN autoencoder,0.8785,6.63E-05,0.001,0.8634,1.0000,0.0005,0.0003
GunPointAgeSpan,modified: LSTM classifier + LSTM autoencoder,0.9674,7.77E-03,0.001,1.6799,0.7917,-0.0451,0.0951
GunPointAgeSpan,vanilla: 1dCNN classifier + no autoencoder,0.8785,,0.0001,0.0007,0.0000,-0.1349,0.1235
GunPointAgeSpan,shapelet forest,0.9778,,,0.4707,1.0000,0.0443,0.0392
GunPointAgeSpan,knn counterfactual,0.9671,,,1.1680,1.0000,0.5000,0.0000
,,,,,,,,
Herring,vanilla: 1dCNN classifier + 1dCNN autoencoder,0.5000,1.92E-04,0.0001,0.3833,0.0000,-0.0192,0.0011
Herring,vanilla: LSTM classifier + LSTM autoencoder,0.5000,3.90E-02,0.0001,4.6615,0.0000,-0.0100,0.0000
Herring,modified: 1dCNN composite classifier + autoencoder,0.5000,2.14E-02,0.0001,3.3091,1.0000,0.0005,0.0003
Herring,modified: 1dCNN classifier + 1dCNN autoencoder,0.5000,1.92E-04,0.001,1.6249,1.0000,0.0006,0.0003
Herring,modified: LSTM classifier + LSTM autoencoder,0.5000,3.90E-02,0.0001,5.0081,0.0000,-0.0095,0.0001
Herring,vanilla: 1dCNN classifier + no autoencoder,0.5000,,0.0001,0.0000,0.0000,-0.0198,0.0012
Herring,shapelet forest,0.5063,,,0.4008,1.0000,0.0454,0.0471
Herring,knn counterfactual,0.4500,,,0.9411,1.0000,0.4143,0.1457
,,,,,,,,
Lightning2,vanilla: 1dCNN classifier + 1dCNN autoencoder,0.7833,1.85E-04,0.0001,0.3445,0.2222,-0.0149,0.0156
Lightning2,vanilla: LSTM classifier + LSTM autoencoder,0.7667,3.85E-03,0.0001,1.6182,1.0000,0.0144,0.0005
Lightning2,modified: 1dCNN composite classifier + autoencoder,0.7333,1.40E-04,0.0001,0.3060,1.0000,0.0025,0.0039
Lightning2,modified: 1dCNN classifier + 1dCNN autoencoder,0.7833,1.85E-04,0.0001,0.4743,1.0000,0.0003,0.0003
Lightning2,modified: LSTM classifier + LSTM autoencoder,0.7667,3.85E-03,0.0001,1.5891,1.0000,0.0107,0.0011
Lightning2,vanilla: 1dCNN classifier + no autoencoder,0.7833,,0.0001,0.0000,0.0000,-0.0171,0.0164
Lightning2,shapelet forest,0.7667,,,0.4349,1.0000,0.0430,0.0386
Lightning2,knn counterfactual,0.6500,,,0.9220,1.0000,0.3154,0.1657
,,,,,,,,
ShapeletSim,vanilla: 1dCNN classifier + 1dCNN autoencoder,0.6500,2.82E-02,0.0001,3.7715,1.0000,0.0050,0.0012
ShapeletSim,vanilla: LSTM classifier + LSTM autoencoder,0.5000,7.06E-02,0.0001,5.9422,0.0000,-0.0104,0.0000
ShapeletSim,modified: 1dCNN composite classifier + autoencoder,0.5750,4.74E-02,0.0001,4.9002,1.0000,0.0005,0.0002
ShapeletSim,modified: 1dCNN classifier + 1dCNN autoencoder,0.6500,2.82E-02,0.0001,3.7754,1.0000,0.0009,0.0001
ShapeletSim,modified: LSTM classifier + LSTM autoencoder,0.5000,7.06E-02,0.0001,5.9491,0.0000,-0.0101,0.0001
ShapeletSim,vanilla: 1dCNN classifier + no autoencoder,0.6500,,0.0001,0.0000,0.0000,-0.0009,0.0010
ShapeletSim,shapelet forest,1.0000,,,0.4349,1.0000,0.0205,0.0199
ShapeletSim,knn counterfactual,0.4500,,,6.3365,1.0000,0.1200,0.0600
,,,,,,,,
Wine,vanilla: 1dCNN classifier + 1dCNN autoencoder,0.5000,3.52E-04,0.0001,0.2881,0.0000,-0.0110,0.0001
Wine,vanilla: LSTM classifier + LSTM autoencoder,0.5455,3.59E-02,0.0001,2.8988,1.0000,0.0548,0.0000
Wine,modified: 1dCNN composite classifier + autoencoder,0.5000,5.94E-03,0.0001,1.1123,1.0000,0.0003,0.0001
Wine,modified: 1dCNN classifier + 1dCNN autoencoder,0.5000,3.52E-04,0.001,0.9137,1.0000,0.0005,0.0002
Wine,modified: LSTM classifier + LSTM autoencoder,0.5455,3.59E-02,0.0001,2.9120,1.0000,0.0520,0.0000
Wine,vanilla: 1dCNN classifier + no autoencoder,0.5000,,0.0001,0.0000,0.0000,-0.0115,0.0001
Wine,shapelet forest,0.8636,,,0.0799,1.0000,0.2561,0.1357
Wine,knn counterfactual,0.7386,,,0.0445,1.0000,0.4091,0.1311